{"cameraMode":{"drawMode":0,"name":"Shaded","section":"Shading Mode"},"sceneLighting":false,"audioPlay":false,"sceneViewState":{"m_AlwaysRefresh":false,"showFog":true,"showSkybox":false,"showFlares":true,"showImageEffects":true,"showParticleSystems":true,"showVisualEffectGraphs":true,"m_FxEnabled":true},"in2DMode":false,"pivot":{"x":-0.02588210254907608,"y":-1.4901161193847657e-8,"z":0.11034466326236725},"rotation":{"x":-0.009168283082544804,"y":-0.9456462264060974,"z":0.3248436450958252,"w":-0.025447508320212365},"size":0.21042844653129579,"orthographic":false}