{"cameraMode":{"drawMode":0,"name":"Shaded","section":"Shading Mode"},"sceneLighting":false,"audioPlay":false,"sceneViewState":{"m_AlwaysRefresh":false,"showFog":true,"showSkybox":false,"showFlares":true,"showImageEffects":true,"showParticleSystems":true,"showVisualEffectGraphs":true,"m_FxEnabled":true},"in2DMode":false,"pivot":{"x":1.6087441444396973,"y":1.3732490539550782,"z":-3.143805503845215},"rotation":{"x":0.009712294675409794,"y":0.9899446964263916,"z":-0.08574283868074417,"w":0.11213760823011399},"size":2.3800532817840578,"orthographic":false}