{"cameraMode":{"drawMode":0,"name":"Shaded","section":"Shading Mode"},"sceneLighting":false,"audioPlay":false,"sceneViewState":{"m_AlwaysRefresh":false,"showFog":true,"showSkybox":false,"showFlares":true,"showImageEffects":true,"showParticleSystems":true,"showVisualEffectGraphs":true,"m_FxEnabled":true},"in2DMode":false,"pivot":{"x":-1.6850321292877198,"y":5.773138523101807,"z":8.507972717285157},"rotation":{"x":0.02552313171327114,"y":-0.9653467535972595,"z":0.23872970044612885,"w":0.10471031814813614},"size":0.09531161189079285,"orthographic":false}