{"cameraMode":{"drawMode":0,"name":"Shaded","section":"Shading Mode"},"sceneLighting":false,"audioPlay":false,"sceneViewState":{"m_AlwaysRefresh":false,"showFog":false,"showSkybox":false,"showFlares":false,"showImageEffects":false,"showParticleSystems":false,"showVisualEffectGraphs":true,"m_FxEnabled":true},"in2DMode":false,"pivot":{"x":0.00020742416381835938,"y":3.7751259803771974,"z":0.262209415435791},"rotation":{"x":0.02749635837972164,"y":0.9724658131599426,"z":-0.151421919465065,"w":0.17543254792690278},"size":6.106546878814697,"orthographic":false}