{"cameraMode":{"drawMode":0,"name":"Shaded","section":"Shading Mode"},"sceneLighting":false,"audioPlay":false,"sceneViewState":{"m_AlwaysRefresh":false,"showFog":true,"showSkybox":false,"showFlares":true,"showImageEffects":true,"showParticleSystems":true,"showVisualEffectGraphs":true,"m_FxEnabled":true},"in2DMode":false,"pivot":{"x":0.002126932144165039,"y":0.8347921371459961,"z":-0.09707951545715332},"rotation":{"x":0.014575372450053692,"y":0.9580739140510559,"z":-0.28224486112594607,"w":0.04886188730597496},"size":1.2885725498199463,"orthographic":false}