{"cameraMode":{"drawMode":0,"name":"Shaded","section":"Shading Mode"},"sceneLighting":false,"audioPlay":false,"sceneViewState":{"m_AlwaysRefresh":false,"showFog":true,"showSkybox":false,"showFlares":true,"showImageEffects":true,"showParticleSystems":true,"showVisualEffectGraphs":true,"m_FxEnabled":true},"in2DMode":false,"pivot":{"x":-0.010975122451782227,"y":2.4897751808166506,"z":-0.00005996227264404297},"rotation":{"x":0.07775786519050598,"y":-0.8786231279373169,"z":0.15406054258346559,"w":0.44578611850738528},"size":1.8446340560913087,"orthographic":false}