{"cameraMode":{"drawMode":0,"name":"Shaded","section":"Shading Mode"},"sceneLighting":false,"audioPlay":false,"sceneViewState":{"m_AlwaysRefresh":false,"showFog":true,"showSkybox":false,"showFlares":true,"showImageEffects":true,"showParticleSystems":true,"showVisualEffectGraphs":true,"m_FxEnabled":true},"in2DMode":false,"pivot":{"x":51.29603958129883,"y":4.900644302368164,"z":-64.20503234863281},"rotation":{"x":0.07775786519050598,"y":-0.8786231279373169,"z":0.15406054258346559,"w":0.44578611850738528},"size":0.14361386001110078,"orthographic":false}