{"cameraMode":{"drawMode":0,"name":"Shaded","section":"Shading Mode"},"sceneLighting":false,"audioPlay":false,"sceneViewState":{"m_AlwaysRefresh":false,"showFog":true,"showSkybox":false,"showFlares":true,"showImageEffects":true,"showParticleSystems":true,"showVisualEffectGraphs":true,"m_FxEnabled":true},"in2DMode":false,"pivot":{"x":-0.5801607370376587,"y":-2.1853697299957277,"z":0.4713888168334961},"rotation":{"x":0.08237884938716889,"y":0.914445161819458,"z":-0.31781479716300967,"w":0.23690351843833924},"size":4.011349201202393,"orthographic":false}