{"cameraMode":{"drawMode":0,"name":"Shaded","section":"Shading Mode"},"sceneLighting":false,"audioPlay":false,"sceneViewState":{"m_AlwaysRefresh":false,"showFog":true,"showSkybox":false,"showFlares":true,"showImageEffects":true,"showParticleSystems":true,"showVisualEffectGraphs":true,"m_FxEnabled":true},"in2DMode":false,"pivot":{"x":-1.3369840383529664,"y":0.6122066974639893,"z":-1.2119758129119874},"rotation":{"x":0.028220798820257188,"y":0.9515290260314941,"z":-0.292152464389801,"w":0.09191247820854187},"size":2.0562477111816408,"orthographic":false}