{"cameraMode":{"drawMode":0,"name":"Shaded","section":"Shading Mode"},"sceneLighting":false,"audioPlay":false,"sceneViewState":{"m_AlwaysRefresh":false,"showFog":true,"showSkybox":false,"showFlares":true,"showImageEffects":true,"showParticleSystems":true,"showVisualEffectGraphs":true,"m_FxEnabled":true},"in2DMode":false,"pivot":{"x":-0.28735339641571047,"y":-0.011371254920959473,"z":0.34370750188827517},"rotation":{"x":0.15842464566230775,"y":-0.8286094069480896,"z":0.29017192125320437,"w":0.45205941796302798},"size":0.28666025400161745,"orthographic":false}