{"cameraMode":{"drawMode":0,"name":"Shaded","section":"Shading Mode"},"sceneLighting":true,"audioPlay":false,"sceneViewState":{"m_AlwaysRefresh":false,"showFog":true,"showSkybox":true,"showFlares":true,"showImageEffects":true,"showParticleSystems":true,"showVisualEffectGraphs":true,"m_FxEnabled":true},"in2DMode":false,"pivot":{"x":51.01322937011719,"y":4.933910846710205,"z":-64.91862487792969},"rotation":{"x":-0.013787539675831795,"y":-0.9843655824661255,"z":0.15568427741527558,"w":-0.08434224873781204},"size":2.1825931072235109,"orthographic":false}