{"cameraMode":{"drawMode":0,"name":"Shaded","section":"Shading Mode"},"sceneLighting":false,"audioPlay":false,"sceneViewState":{"m_AlwaysRefresh":false,"showFog":true,"showSkybox":false,"showFlares":true,"showImageEffects":true,"showParticleSystems":true,"showVisualEffectGraphs":true,"m_FxEnabled":true},"in2DMode":false,"pivot":{"x":137.55972290039063,"y":-0.03977203369140625,"z":-6.898904323577881},"rotation":{"x":0.07775786519050598,"y":-0.8786231279373169,"z":0.15406054258346559,"w":0.44578611850738528},"size":201.4440155029297,"orthographic":false}